Bernardo,bernardo@gmail.com
Rafaela,rafaela@gmail.com
Jonas,jonas@gmail.com.br
Marcelo,marcelo@gmail.com
Santos,santos@gmail.com
Leon,leon@gmail.com
